"id","valg","parti","rangering_original","rangering","valgt","kummulert","kjÃ¸nn","personstemmer","medietreff"
"kandidat165",2015,"ap",24,21,"Vara","Nei",1,2722,2509
"kandidat166",2015,"ap",13,15,"Valgt","Nei",0,3796,728
"kandidat167",2015,"ap",1,1,"Valgt","Ja",0,23311,21379
"kandidat168",2015,"ap",48,50,"Ikke valgt","Nei",1,748,31
"kandidat169",2015,"ap",59,61,"Ikke valgt","Nei",0,528,87
"kandidat170",2015,"ap",5,4,"Valgt","Ja",0,3131,562
"kandidat171",2015,"ap",7,9,"Valgt","Ja",0,2144,2582
"kandidat172",2015,"ap",45,39,"Vara","Nei",0,1137,747
"kandidat173",2015,"ap",44,43,"Vara","Nei",1,992,0
"kandidat174",2015,"ap",9,10,"Valgt","Ja",0,1607,39
"kandidat175",2015,"ap",34,46,"Ikke valgt","Nei",1,847,126
"kandidat176",2015,"ap",49,64,"Ikke valgt","Nei",0,432,50
"kandidat177",2015,"ap",51,42,"Vara","Nei",0,1074,20
"kandidat178",2015,"ap",27,36,"Vara","Nei",0,1361,28
"kandidat179",2015,"ap",39,34,"Vara","Nei",0,1398,287
"kandidat180",2015,"ap",61,24,"Vara","Nei",0,2199,310
"kandidat181",2015,"ap",37,56,"Ikke valgt","Nei",0,645,18
"kandidat182",2015,"ap",20,31,"Vara","Nei",1,1576,250
"kandidat183",2015,"ap",28,41,"Vara","Nei",1,1075,13
"kandidat184",2015,"ap",30,45,"Ikke valgt","Nei",1,874,39
"kandidat185",2015,"ap",17,12,"Valgt","Nei",0,4490,2174
"kandidat186",2015,"ap",33,11,"Valgt","Nei",0,7470,25838
"kandidat187",2015,"ap",11,18,"Valgt","Nei",0,3340,2356
"kandidat188",2015,"ap",15,44,"Ikke valgt","Nei",0,927,75
"kandidat189",2015,"ap",58,60,"Ikke valgt","Nei",1,583,178
"kandidat190",2015,"ap",60,52,"Ikke valgt","Nei",1,733,141
"kandidat191",2015,"ap",64,23,"Vara","Nei",0,2360,21690
"kandidat192",2015,"ap",36,49,"Ikke valgt","Nei",1,816,161
"kandidat193",2015,"ap",22,35,"Vara","Nei",1,1364,89
"kandidat194",2015,"ap",26,17,"Valgt","Nei",1,3457,1262
"kandidat195",2015,"ap",40,25,"Vara","Nei",1,1806,69
"kandidat196",2015,"ap",43,16,"Valgt","Nei",0,3652,227
"kandidat197",2015,"ap",6,3,"Valgt","Ja",1,4031,323
"kandidat198",2015,"ap",54,53,"Ikke valgt","Nei",1,696,12
"kandidat199",2015,"ap",47,55,"Ikke valgt","Nei",0,660,38
"kandidat200",2015,"ap",4,6,"Valgt","Ja",0,2701,1037
"kandidat201",2015,"ap",41,27,"Vara","Nei",0,1704,2073
"kandidat202",2015,"ap",23,13,"Valgt","Nei",0,4014,43
"kandidat203",2015,"ap",16,38,"Vara","Nei",1,1221,15
"kandidat204",2015,"ap",18,26,"Vara","Nei",1,1704,62
"kandidat205",2015,"ap",55,63,"Ikke valgt","Nei",0,450,299
"kandidat206",2015,"ap",57,29,"Vara","Nei",0,1637,443
"kandidat207",2015,"ap",12,20,"Valgt","Nei",1,3058,815
"kandidat208",2015,"ap",32,40,"Vara","Nei",1,1106,8
"kandidat209",2015,"ap",56,51,"Ikke valgt","Nei",1,745,432
"kandidat210",2015,"ap",8,7,"Valgt","Ja",1,2675,161
"kandidat211",2015,"ap",35,37,"Vara","Nei",0,1294,672
"kandidat212",2015,"ap",3,5,"Valgt","Ja",1,3076,773
"kandidat213",2015,"ap",19,28,"Vara","Nei",0,1641,145
"kandidat214",2015,"ap",53,65,"Ikke valgt","Nei",0,411,181
"kandidat215",2015,"ap",21,30,"Vara","Nei",0,1596,370
"kandidat216",2015,"ap",10,8,"Valgt","Ja",1,2314,255
"kandidat217",2015,"ap",31,48,"Ikke valgt","Nei",0,818,67
"kandidat218",2015,"ap",65,14,"Valgt","Nei",0,3857,4574
"kandidat219",2015,"ap",50,57,"Ikke valgt","Nei",1,625,396
"kandidat220",2015,"ap",42,54,"Ikke valgt","Nei",1,672,13
"kandidat221",2015,"ap",25,22,"Vara","Nei",0,2495,108
"kandidat222",2015,"ap",14,32,"Vara","Nei",1,1419,18
"kandidat223",2015,"ap",29,19,"Valgt","Nei",0,3217,159
"kandidat224",2015,"ap",52,59,"Ikke valgt","Nei",1,592,16
"kandidat225",2015,"ap",62,47,"Ikke valgt","Nei",1,832,7
"kandidat226",2015,"ap",63,62,"Ikke valgt","Nei",1,506,11
"kandidat227",2015,"ap",46,58,"Ikke valgt","Nei",1,609,13
"kandidat228",2015,"ap",2,2,"Valgt","Ja",1,5988,1074
"kandidat229",2015,"ap",38,33,"Vara","Nei",1,1419,83
"kandidat355",2015,"dem",5,2,"Ikke valgt","Nei",1,71,0
"kandidat356",2015,"dem",2,4,"Ikke valgt","Nei",0,63,1
"kandidat357",2015,"dem",1,1,"Ikke valgt","Nei",1,154,31
"kandidat358",2015,"dem",4,5,"Ikke valgt","Nei",0,56,0
"kandidat359",2015,"dem",7,8,"Ikke valgt","Nei",1,24,2
"kandidat360",2015,"dem",3,3,"Ikke valgt","Nei",0,70,578
"kandidat361",2015,"dem",6,7,"Ikke valgt","Nei",0,37,4
"kandidat362",2015,"dem",8,6,"Ikke valgt","Nei",0,47,77
"kandidat400",2015,"fi",7,8,"Ikke valgt","Nei",1,80,309
"kandidat401",2015,"fi",6,9,"Ikke valgt","Nei",1,69,11
"kandidat402",2015,"fi",1,1,"Ikke valgt","Ja",1,860,130
"kandidat403",2015,"fi",2,2,"Ikke valgt","Ja",1,337,167
"kandidat404",2015,"fi",22,28,"Ikke valgt","Nei",1,19,16
"kandidat405",2015,"fi",10,11,"Ikke valgt","Nei",1,56,65
"kandidat406",2015,"fi",12,19,"Ikke valgt","Nei",0,34,8
"kandidat407",2015,"fi",13,16,"Ikke valgt","Nei",1,40,26
"kandidat408",2015,"fi",18,23,"Ikke valgt","Nei",1,31,7
"kandidat409",2015,"fi",16,18,"Ikke valgt","Nei",1,37,18
"kandidat410",2015,"fi",4,5,"Ikke valgt","Ja",0,120,13
"kandidat411",2015,"fi",23,13,"Ikke valgt","Nei",1,48,0
"kandidat412",2015,"fi",21,21,"Ikke valgt","Nei",1,32,0
"kandidat413",2015,"fi",19,20,"Ikke valgt","Nei",1,32,139
"kandidat414",2015,"fi",28,24,"Ikke valgt","Nei",1,31,0
"kandidat415",2015,"fi",9,14,"Ikke valgt","Nei",1,43,3
"kandidat416",2015,"fi",3,3,"Ikke valgt","Ja",1,192,53
"kandidat417",2015,"fi",20,27,"Ikke valgt","Nei",1,22,79
"kandidat418",2015,"fi",25,26,"Ikke valgt","Nei",1,28,95
"kandidat419",2015,"fi",27,12,"Ikke valgt","Nei",1,55,1517
"kandidat420",2015,"fi",17,15,"Ikke valgt","Nei",0,42,261
"kandidat421",2015,"fi",15,6,"Ikke valgt","Nei",0,133,1068
"kandidat422",2015,"fi",5,4,"Ikke valgt","Ja",1,161,16
"kandidat423",2015,"fi",24,25,"Ikke valgt","Nei",1,28,34
"kandidat424",2015,"fi",11,10,"Ikke valgt","Nei",1,61,118
"kandidat425",2015,"fi",26,22,"Ikke valgt","Nei",1,32,3
"kandidat426",2015,"fi",8,7,"Ikke valgt","Nei",1,97,11
"kandidat427",2015,"fi",14,17,"Ikke valgt","Nei",0,40,0
"kandidat563",2015,"frp",7,5,"Vara","Nei",1,523,536
"kandidat564",2015,"frp",14,15,"Ikke valgt","Nei",0,224,15
"kandidat565",2015,"frp",18,24,"Ikke valgt","Nei",1,158,6
"kandidat566",2015,"frp",26,23,"Ikke valgt","Nei",1,165,12
"kandidat567",2015,"frp",33,17,"Ikke valgt","Nei",0,209,356
"kandidat568",2015,"frp",28,26,"Ikke valgt","Nei",1,148,107
"kandidat569",2015,"frp",19,28,"Ikke valgt","Nei",0,139,0
"kandidat570",2015,"frp",6,9,"Vara","Nei",1,339,21
"kandidat571",2015,"frp",2,2,"Valgt","Ja",1,1315,622
"kandidat572",2015,"frp",1,1,"Valgt","Ja",0,5823,0
"kandidat573",2015,"frp",21,21,"Ikke valgt","Nei",1,198,800
"kandidat574",2015,"frp",30,30,"Ikke valgt","Nei",0,124,0
"kandidat575",2015,"frp",10,14,"Ikke valgt","Nei",0,229,20
"kandidat576",2015,"frp",23,7,"Vara","Nei",0,407,1118
"kandidat577",2015,"frp",27,29,"Ikke valgt","Nei",0,125,4
"kandidat578",2015,"frp",22,22,"Ikke valgt","Nei",1,191,1485
"kandidat579",2015,"frp",24,13,"Ikke valgt","Nei",0,238,19
"kandidat580",2015,"frp",9,10,"Vara","Nei",1,330,90
"kandidat581",2015,"frp",20,32,"Ikke valgt","Nei",1,113,5
"kandidat582",2015,"frp",4,8,"Vara","Nei",1,383,13
"kandidat583",2015,"frp",5,6,"Vara","Nei",0,478,546
"kandidat584",2015,"frp",32,31,"Ikke valgt","Nei",0,120,1685
"kandidat585",2015,"frp",13,25,"Ikke valgt","Nei",1,149,4
"kandidat586",2015,"frp",16,12,"Ikke valgt","Nei",0,280,37
"kandidat587",2015,"frp",3,3,"Valgt","Ja",0,1032,98
"kandidat588",2015,"frp",12,16,"Ikke valgt","Nei",0,221,381
"kandidat589",2015,"frp",25,18,"Ikke valgt","Nei",1,203,88
"kandidat590",2015,"frp",11,11,"Vara","Nei",0,322,37
"kandidat591",2015,"frp",31,33,"Ikke valgt","Nei",0,88,2
"kandidat592",2015,"frp",8,4,"Valgt","Nei",0,977,1108
"kandidat593",2015,"frp",17,20,"Ikke valgt","Nei",0,200,5
"kandidat594",2015,"frp",29,27,"Ikke valgt","Nei",1,142,0
"kandidat595",2015,"frp",15,19,"Ikke valgt","Nei",1,200,0
"kandidat790",2015,"h",34,49,"Ikke valgt","Nei",1,412,13
"kandidat791",2015,"h",18,28,"Vara","Nei",0,729,15
"kandidat792",2015,"h",54,42,"Ikke valgt","Nei",1,471,13
"kandidat793",2015,"h",15,13,"Valgt","Nei",0,1790,648
"kandidat794",2015,"h",56,45,"Ikke valgt","Nei",1,444,8
"kandidat795",2015,"h",12,18,"Valgt","Nei",1,1138,131
"kandidat796",2015,"h",26,21,"Vara","Nei",0,1004,154
"kandidat797",2015,"h",46,55,"Ikke valgt","Nei",1,333,10
"kandidat798",2015,"h",62,51,"Ikke valgt","Nei",0,379,9
"kandidat799",2015,"h",61,65,"Ikke valgt","Nei",0,240,88
"kandidat800",2015,"h",49,39,"Vara","Nei",1,500,19
"kandidat801",2015,"h",7,6,"Valgt","Ja",0,1924,1444
"kandidat802",2015,"h",39,54,"Ikke valgt","Nei",0,334,103
"kandidat803",2015,"h",24,19,"Valgt","Nei",1,1117,109
"kandidat804",2015,"h",41,41,"Vara","Nei",1,485,125
"kandidat805",2015,"h",4,4,"Valgt","Ja",0,2605,2526
"kandidat806",2015,"h",31,33,"Vara","Nei",1,632,13
"kandidat807",2015,"h",45,48,"Ikke valgt","Nei",0,429,10
"kandidat808",2015,"h",42,64,"Ikke valgt","Nei",1,258,8
"kandidat809",2015,"h",21,31,"Vara","Nei",0,662,32
"kandidat810",2015,"h",14,12,"Valgt","Nei",1,1960,111
"kandidat811",2015,"h",3,3,"Valgt","Ja",1,4379,201
"kandidat812",2015,"h",40,43,"Ikke valgt","Nei",0,469,80
"kandidat813",2015,"h",19,27,"Vara","Nei",0,733,52
"kandidat814",2015,"h",11,15,"Valgt","Nei",0,1427,112
"kandidat815",2015,"h",1,1,"Valgt","Ja",0,43915,18238
"kandidat816",2015,"h",55,60,"Ikke valgt","Nei",0,302,109
"kandidat817",2015,"h",47,46,"Ikke valgt","Nei",1,443,140
"kandidat818",2015,"h",33,62,"Ikke valgt","Nei",0,290,20
"kandidat819",2015,"h",53,56,"Ikke valgt","Nei",0,324,24
"kandidat820",2015,"h",28,20,"Vara","Nei",0,1111,160
"kandidat821",2015,"h",16,14,"Valgt","Nei",0,1727,200
"kandidat822",2015,"h",51,47,"Ikke valgt","Nei",1,441,22
"kandidat823",2015,"h",6,7,"Valgt","Ja",1,1632,150
"kandidat824",2015,"h",43,44,"Ikke valgt","Nei",0,451,94
"kandidat825",2015,"h",64,29,"Vara","Nei",0,694,3
"kandidat826",2015,"h",23,32,"Vara","Nei",1,634,42
"kandidat827",2015,"h",5,8,"Valgt","Ja",1,1448,0
"kandidat828",2015,"h",60,63,"Ikke valgt","Nei",1,276,171
"kandidat829",2015,"h",22,22,"Vara","Nei",0,910,235
"kandidat830",2015,"h",8,9,"Valgt","Ja",0,1374,17
"kandidat831",2015,"h",32,38,"Vara","Nei",1,526,16
"kandidat832",2015,"h",58,35,"Vara","Nei",0,576,4
"kandidat833",2015,"h",44,50,"Ikke valgt","Nei",1,380,2
"kandidat834",2015,"h",9,10,"Valgt","Ja",0,1096,79
"kandidat835",2015,"h",65,58,"Ikke valgt","Nei",1,315,0
"kandidat836",2015,"h",37,37,"Vara","Nei",1,529,9
"kandidat837",2015,"h",48,52,"Ikke valgt","Nei",0,368,29
"kandidat838",2015,"h",52,40,"Vara","Nei",0,498,25
"kandidat839",2015,"h",29,26,"Vara","Nei",0,763,97
"kandidat840",2015,"h",30,34,"Vara","Nei",0,587,6
"kandidat841",2015,"h",59,61,"Ikke valgt","Nei",0,301,14
"kandidat842",2015,"h",57,53,"Ikke valgt","Nei",1,338,8
"kandidat843",2015,"h",27,30,"Vara","Nei",0,674,60
"kandidat844",2015,"h",63,24,"Vara","Nei",0,868,252
"kandidat845",2015,"h",17,16,"Valgt","Nei",0,1409,239
"kandidat846",2015,"h",38,23,"Vara","Nei",0,888,18
"kandidat847",2015,"h",20,17,"Valgt","Nei",0,1207,31
"kandidat848",2015,"h",25,25,"Vara","Nei",1,780,17
"kandidat849",2015,"h",50,36,"Vara","Nei",1,556,212
"kandidat850",2015,"h",13,11,"Valgt","Nei",1,1994,183
"kandidat851",2015,"h",10,5,"Valgt","Ja",0,1928,755
"kandidat852",2015,"h",2,2,"Valgt","Ja",0,8969,12242
"kandidat853",2015,"h",35,59,"Ikke valgt","Nei",0,310,457
"kandidat854",2015,"h",36,57,"Ikke valgt","Nei",1,322,9
"kandidat951",2015,"kp",3,11,"Ikke valgt","Nei",0,6,13
"kandidat952",2015,"kp",8,8,"Ikke valgt","Nei",0,8,32
"kandidat953",2015,"kp",6,4,"Ikke valgt","Nei",0,14,1
"kandidat954",2015,"kp",10,6,"Ikke valgt","Nei",1,9,14
"kandidat955",2015,"kp",7,7,"Ikke valgt","Nei",0,8,36
"kandidat956",2015,"kp",16,18,"Ikke valgt","Nei",0,1,28
"kandidat957",2015,"kp",12,12,"Ikke valgt","Nei",0,6,0
"kandidat958",2015,"kp",18,10,"Ikke valgt","Nei",0,8,10
"kandidat959",2015,"kp",14,16,"Ikke valgt","Nei",0,4,0
"kandidat960",2015,"kp",5,3,"Ikke valgt","Nei",0,17,349
"kandidat961",2015,"kp",9,13,"Ikke valgt","Nei",0,5,47
"kandidat962",2015,"kp",15,17,"Ikke valgt","Nei",0,2,0
"kandidat963",2015,"kp",4,5,"Ikke valgt","Nei",0,9,0
"kandidat964",2015,"kp",17,15,"Ikke valgt","Nei",1,5,0
"kandidat965",2015,"kp",13,14,"Ikke valgt","Nei",0,5,133
"kandidat966",2015,"kp",11,9,"Ikke valgt","Nei",1,8,0
"kandidat967",2015,"kp",1,1,"Ikke valgt","Nei",1,23,11
"kandidat968",2015,"kp",2,2,"Ikke valgt","Nei",0,17,1
"kandidat1151",2015,"krf",55,53,"Ikke valgt","Nei",0,26,0
"kandidat1152",2015,"krf",4,8,"Ikke valgt","Nei",0,252,238
"kandidat1153",2015,"krf",16,13,"Ikke valgt","Nei",0,148,15
"kandidat1154",2015,"krf",23,41,"Ikke valgt","Nei",0,46,3
"kandidat1155",2015,"krf",35,48,"Ikke valgt","Nei",1,29,0
"kandidat1156",2015,"krf",27,37,"Ikke valgt","Nei",1,51,1
"kandidat1157",2015,"krf",32,40,"Ikke valgt","Nei",0,47,3
"kandidat1158",2015,"krf",39,32,"Ikke valgt","Nei",1,96,92
"kandidat1159",2015,"krf",15,25,"Ikke valgt","Nei",1,111,39
"kandidat1160",2015,"krf",52,44,"Ikke valgt","Nei",0,38,16
"kandidat1161",2015,"krf",28,10,"Ikke valgt","Nei",0,201,1092
"kandidat1162",2015,"krf",7,19,"Ikke valgt","Nei",1,133,4
"kandidat1163",2015,"krf",57,4,"Vara","Nei",1,418,1764
"kandidat1164",2015,"krf",34,16,"Ikke valgt","Nei",0,143,40
"kandidat1165",2015,"krf",43,15,"Ikke valgt","Nei",1,144,0
"kandidat1166",2015,"krf",48,57,"Ikke valgt","Nei",0,20,37
"kandidat1167",2015,"krf",42,51,"Ikke valgt","Nei",0,27,1
"kandidat1168",2015,"krf",6,9,"Ikke valgt","Nei",0,207,43
"kandidat1169",2015,"krf",54,52,"Ikke valgt","Nei",0,27,5
"kandidat1170",2015,"krf",56,29,"Ikke valgt","Nei",0,102,580
"kandidat1171",2015,"krf",8,3,"Vara","Nei",0,522,236
"kandidat1172",2015,"krf",53,39,"Ikke valgt","Nei",0,48,12
"kandidat1173",2015,"krf",41,45,"Ikke valgt","Nei",1,37,36
"kandidat1174",2015,"krf",12,12,"Ikke valgt","Nei",0,162,5
"kandidat1175",2015,"krf",18,30,"Ikke valgt","Nei",0,98,98
"kandidat1176",2015,"krf",45,46,"Ikke valgt","Nei",1,36,2
"kandidat1177",2015,"krf",24,20,"Ikke valgt","Nei",0,133,303
"kandidat1178",2015,"krf",51,55,"Ikke valgt","Nei",1,21,5
"kandidat1179",2015,"krf",10,5,"Vara","Nei",0,374,133
"kandidat1180",2015,"krf",30,35,"Ikke valgt","Nei",0,58,4
"kandidat1181",2015,"krf",9,6,"Ikke valgt","Nei",1,373,1553
"kandidat1182",2015,"krf",17,17,"Ikke valgt","Nei",1,135,46
"kandidat1183",2015,"krf",44,43,"Ikke valgt","Nei",0,42,9
"kandidat1184",2015,"krf",29,26,"Ikke valgt","Nei",1,110,0
"kandidat1185",2015,"krf",1,1,"Valgt","Ja",0,2448,2173
"kandidat1186",2015,"krf",50,34,"Ikke valgt","Nei",0,70,48
"kandidat1187",2015,"krf",11,14,"Ikke valgt","Nei",1,146,7
"kandidat1188",2015,"krf",37,27,"Ikke valgt","Nei",1,105,7
"kandidat1189",2015,"krf",25,24,"Ikke valgt","Nei",1,113,4
"kandidat1190",2015,"krf",3,7,"Ikke valgt","Nei",1,317,11
"kandidat1191",2015,"krf",22,36,"Ikke valgt","Nei",1,56,179
"kandidat1192",2015,"krf",13,18,"Ikke valgt","Nei",1,134,4
"kandidat1193",2015,"krf",46,50,"Ikke valgt","Nei",0,28,12
"kandidat1194",2015,"krf",2,2,"Vara","Ja",1,1418,40
"kandidat1195",2015,"krf",5,11,"Ikke valgt","Nei",1,181,566
"kandidat1196",2015,"krf",33,54,"Ikke valgt","Nei",1,24,2
"kandidat1197",2015,"krf",36,56,"Ikke valgt","Nei",0,20,0
"kandidat1198",2015,"krf",20,28,"Ikke valgt","Nei",0,102,88
"kandidat1199",2015,"krf",21,23,"Ikke valgt","Nei",0,119,625
"kandidat1200",2015,"krf",31,47,"Ikke valgt","Nei",1,31,0
"kandidat1201",2015,"krf",40,33,"Ikke valgt","Nei",0,84,200
"kandidat1202",2015,"krf",47,42,"Ikke valgt","Nei",1,45,1
"kandidat1203",2015,"krf",14,21,"Ikke valgt","Nei",0,131,655
"kandidat1204",2015,"krf",49,38,"Ikke valgt","Nei",1,51,6
"kandidat1205",2015,"krf",38,49,"Ikke valgt","Nei",0,29,0
"kandidat1206",2015,"krf",19,22,"Ikke valgt","Nei",1,131,0
"kandidat1207",2015,"krf",26,31,"Ikke valgt","Nei",0,96,14
"kandidat1231",2015,"ksp",10,15,"Ikke valgt","Nei",0,9,2
"kandidat1232",2015,"ksp",15,12,"Ikke valgt","Nei",1,11,2
"kandidat1233",2015,"ksp",17,11,"Ikke valgt","Nei",0,13,0
"kandidat1234",2015,"ksp",12,10,"Ikke valgt","Nei",0,16,0
"kandidat1235",2015,"ksp",3,6,"Ikke valgt","Nei",1,24,0
"kandidat1236",2015,"ksp",5,5,"Ikke valgt","Nei",0,27,0
"kandidat1237",2015,"ksp",16,18,"Ikke valgt","Nei",1,8,1
"kandidat1238",2015,"ksp",7,8,"Ikke valgt","Nei",1,20,3
"kandidat1239",2015,"ksp",2,2,"Ikke valgt","Ja",0,69,2
"kandidat1240",2015,"ksp",13,16,"Ikke valgt","Nei",1,9,39
"kandidat1241",2015,"ksp",11,17,"Ikke valgt","Nei",0,8,0
"kandidat1242",2015,"ksp",1,1,"Ikke valgt","Ja",0,115,6
"kandidat1243",2015,"ksp",18,13,"Ikke valgt","Nei",1,11,0
"kandidat1244",2015,"ksp",14,14,"Ikke valgt","Nei",0,10,14
"kandidat1245",2015,"ksp",4,4,"Ikke valgt","Nei",0,31,1
"kandidat1246",2015,"ksp",6,9,"Ikke valgt","Nei",0,19,2
"kandidat1247",2015,"ksp",9,3,"Ikke valgt","Nei",0,32,106
"kandidat1248",2015,"ksp",8,7,"Ikke valgt","Nei",0,21,46
"kandidat1249",2015,"lib",1,1,"Ikke valgt","Nei",0,136,62
"kandidat1250",2015,"lib",4,4,"Ikke valgt","Nei",0,48,0
"kandidat1251",2015,"lib",5,6,"Ikke valgt","Nei",0,37,7
"kandidat1252",2015,"lib",6,5,"Ikke valgt","Nei",0,46,12
"kandidat1253",2015,"lib",2,2,"Ikke valgt","Nei",0,85,7
"kandidat1254",2015,"lib",3,3,"Ikke valgt","Nei",0,52,1480
"kandidat1255",2015,"lib",7,7,"Ikke valgt","Nei",0,35,7017
"kandidat1386",2015,"mdg",12,32,"Ikke valgt","Nei",0,228,12
"kandidat1387",2015,"mdg",52,60,"Ikke valgt","Nei",0,104,4
"kandidat1388",2015,"mdg",32,53,"Ikke valgt","Nei",0,130,40
"kandidat1389",2015,"mdg",24,33,"Ikke valgt","Nei",0,221,297
"kandidat1390",2015,"mdg",40,52,"Ikke valgt","Nei",0,134,3
"kandidat1391",2015,"mdg",57,37,"Ikke valgt","Nei",1,191,152
"kandidat1392",2015,"mdg",58,14,"Ikke valgt","Nei",0,665,167
"kandidat1393",2015,"mdg",22,46,"Ikke valgt","Nei",0,148,0
"kandidat1394",2015,"mdg",50,49,"Ikke valgt","Nei",0,140,79
"kandidat1395",2015,"mdg",26,43,"Ikke valgt","Nei",0,151,2
"kandidat1396",2015,"mdg",11,22,"Ikke valgt","Nei",1,374,68
"kandidat1397",2015,"mdg",8,10,"Vara","Ja",0,725,47
"kandidat1398",2015,"mdg",35,48,"Ikke valgt","Nei",1,140,11
"kandidat1399",2015,"mdg",15,23,"Ikke valgt","Nei",1,365,4
"kandidat1400",2015,"mdg",25,24,"Ikke valgt","Nei",1,335,73
"kandidat1401",2015,"mdg",3,4,"Valgt","Ja",1,1347,8
"kandidat1402",2015,"mdg",42,62,"Ikke valgt","Nei",0,80,11
"kandidat1403",2015,"mdg",46,65,"Ikke valgt","Nei",0,67,20
"kandidat1404",2015,"mdg",14,20,"Ikke valgt","Nei",0,385,29
"kandidat1405",2015,"mdg",41,42,"Ikke valgt","Nei",1,155,1
"kandidat1406",2015,"mdg",49,44,"Ikke valgt","Nei",1,150,1
"kandidat1407",2015,"mdg",30,45,"Ikke valgt","Nei",0,149,7
"kandidat1408",2015,"mdg",38,50,"Ikke valgt","Nei",0,139,5
"kandidat1409",2015,"mdg",20,18,"Ikke valgt","Nei",0,464,138
"kandidat1410",2015,"mdg",18,27,"Ikke valgt","Nei",0,277,39
"kandidat1411",2015,"mdg",19,19,"Ikke valgt","Nei",1,427,9
"kandidat1412",2015,"mdg",33,26,"Ikke valgt","Nei",1,311,42
"kandidat1413",2015,"mdg",44,57,"Ikke valgt","Nei",0,110,0
"kandidat1414",2015,"mdg",9,6,"Vara","Ja",1,1175,26
"kandidat1415",2015,"mdg",28,55,"Ikke valgt","Nei",0,119,9
"kandidat1416",2015,"mdg",31,35,"Ikke valgt","Nei",1,201,98
"kandidat1417",2015,"mdg",10,5,"Valgt","Ja",0,1262,762
"kandidat1418",2015,"mdg",37,34,"Ikke valgt","Nei",1,208,5
"kandidat1419",2015,"mdg",2,3,"Valgt","Ja",0,1679,38
"kandidat1420",2015,"mdg",59,38,"Ikke valgt","Nei",1,184,4
"kandidat1421",2015,"mdg",54,64,"Ikke valgt","Nei",0,79,12
"kandidat1422",2015,"mdg",64,11,"Vara","Nei",0,1570,2764
"kandidat1423",2015,"mdg",56,16,"Ikke valgt","Nei",0,560,1739
"kandidat1424",2015,"mdg",7,8,"Vara","Ja",1,995,77
"kandidat1425",2015,"mdg",27,31,"Ikke valgt","Nei",1,243,4
"kandidat1426",2015,"mdg",53,59,"Ikke valgt","Nei",1,105,0
"kandidat1427",2015,"mdg",62,12,"Vara","Nei",0,1417,3762
"kandidat1428",2015,"mdg",65,30,"Ikke valgt","Nei",1,250,32
"kandidat1429",2015,"mdg",13,17,"Ikke valgt","Nei",1,473,0
"kandidat1430",2015,"mdg",47,39,"Ikke valgt","Nei",1,182,4
"kandidat1431",2015,"mdg",29,29,"Ikke valgt","Nei",1,263,24
"kandidat1432",2015,"mdg",23,28,"Ikke valgt","Nei",1,274,11
"kandidat1433",2015,"mdg",1,1,"Valgt","Ja",1,4974,490
"kandidat1434",2015,"mdg",45,58,"Ikke valgt","Nei",1,105,0
"kandidat1435",2015,"mdg",61,15,"Ikke valgt","Nei",1,569,583
"kandidat1436",2015,"mdg",48,61,"Ikke valgt","Nei",0,87,40
"kandidat1437",2015,"mdg",17,25,"Ikke valgt","Nei",1,324,13
"kandidat1438",2015,"mdg",63,40,"Ikke valgt","Nei",1,179,310
"kandidat1439",2015,"mdg",43,41,"Ikke valgt","Nei",1,171,2
"kandidat1440",2015,"mdg",60,13,"Vara","Nei",0,945,1979
"kandidat1441",2015,"mdg",39,36,"Ikke valgt","Nei",1,201,32
"kandidat1442",2015,"mdg",4,2,"Valgt","Ja",0,1694,23
"kandidat1443",2015,"mdg",6,9,"Vara","Ja",0,766,42
"kandidat1444",2015,"mdg",55,54,"Ikke valgt","Nei",1,126,3
"kandidat1445",2015,"mdg",34,51,"Ikke valgt","Nei",0,137,0
"kandidat1446",2015,"mdg",36,63,"Ikke valgt","Nei",0,79,2
"kandidat1447",2015,"mdg",16,56,"Ikke valgt","Nei",0,115,0
"kandidat1448",2015,"mdg",5,7,"Vara","Ja",1,1138,7
"kandidat1449",2015,"mdg",21,21,"Ikke valgt","Nei",1,377,20
"kandidat1450",2015,"mdg",51,47,"Ikke valgt","Nei",1,142,1
"kandidat1519",2015,"nkp",3,6,"Ikke valgt","Nei",0,23,0
"kandidat1520",2015,"nkp",4,3,"Ikke valgt","Nei",1,30,3
"kandidat1521",2015,"nkp",10,13,"Ikke valgt","Nei",0,14,305
"kandidat1522",2015,"nkp",13,4,"Ikke valgt","Nei",0,30,1517
"kandidat1523",2015,"nkp",1,1,"Ikke valgt","Nei",1,62,5
"kandidat1524",2015,"nkp",6,12,"Ikke valgt","Nei",0,16,0
"kandidat1525",2015,"nkp",11,10,"Ikke valgt","Nei",0,17,2
"kandidat1526",2015,"nkp",8,9,"Ikke valgt","Nei",0,17,6
"kandidat1527",2015,"nkp",12,11,"Ikke valgt","Nei",0,17,227
"kandidat1528",2015,"nkp",7,8,"Ikke valgt","Nei",1,17,0
"kandidat1529",2015,"nkp",9,7,"Ikke valgt","Nei",0,19,5
"kandidat1530",2015,"nkp",5,5,"Ikke valgt","Nei",0,27,1
"kandidat1531",2015,"nkp",2,2,"Ikke valgt","Nei",0,39,0
"kandidat1658",2015,"pirat",18,13,"Ikke valgt","Nei",1,27,0
"kandidat1659",2015,"pirat",3,2,"Ikke valgt","Nei",0,136,326
"kandidat1660",2015,"pirat",8,12,"Ikke valgt","Nei",0,29,1
"kandidat1661",2015,"pirat",6,5,"Ikke valgt","Nei",0,50,0
"kandidat1662",2015,"pirat",9,16,"Ikke valgt","Nei",0,25,39
"kandidat1663",2015,"pirat",17,21,"Ikke valgt","Nei",0,18,0
"kandidat1664",2015,"pirat",19,15,"Ikke valgt","Nei",0,26,2
"kandidat1665",2015,"pirat",11,14,"Ikke valgt","Nei",0,26,0
"kandidat1666",2015,"pirat",13,6,"Ikke valgt","Nei",1,45,0
"kandidat1667",2015,"pirat",7,10,"Ikke valgt","Nei",0,35,16
"kandidat1668",2015,"pirat",10,11,"Ikke valgt","Nei",0,33,19
"kandidat1669",2015,"pirat",20,18,"Ikke valgt","Nei",0,24,2
"kandidat1670",2015,"pirat",4,8,"Ikke valgt","Nei",0,38,1
"kandidat1671",2015,"pirat",16,7,"Ikke valgt","Nei",1,40,4
"kandidat1672",2015,"pirat",14,9,"Ikke valgt","Nei",0,38,4
"kandidat1673",2015,"pirat",15,17,"Ikke valgt","Nei",0,24,0
"kandidat1674",2015,"pirat",12,19,"Ikke valgt","Nei",0,21,3
"kandidat1675",2015,"pirat",5,4,"Ikke valgt","Nei",0,61,73
"kandidat1676",2015,"pirat",21,20,"Ikke valgt","Nei",0,21,1
"kandidat1677",2015,"pirat",2,3,"Ikke valgt","Nei",0,89,33
"kandidat1678",2015,"pirat",1,1,"Ikke valgt","Nei",0,282,280
"kandidat1767",2015,"pp",20,18,"Ikke valgt","Nei",0,11,0
"kandidat1768",2015,"pp",17,23,"Ikke valgt","Nei",1,8,1
"kandidat1769",2015,"pp",1,1,"Ikke valgt","Ja",0,229,6
"kandidat1770",2015,"pp",22,22,"Ikke valgt","Nei",0,9,0
"kandidat1771",2015,"pp",7,11,"Ikke valgt","Nei",1,21,0
"kandidat1772",2015,"pp",18,15,"Ikke valgt","Nei",1,18,131
"kandidat1773",2015,"pp",21,6,"Ikke valgt","Nei",1,25,0
"kandidat1774",2015,"pp",10,10,"Ikke valgt","Nei",0,22,70
"kandidat1775",2015,"pp",12,17,"Ikke valgt","Nei",1,12,0
"kandidat1776",2015,"pp",13,7,"Ikke valgt","Nei",0,24,3
"kandidat1777",2015,"pp",4,16,"Ikke valgt","Nei",0,17,0
"kandidat1778",2015,"pp",8,5,"Ikke valgt","Nei",1,27,0
"kandidat1779",2015,"pp",19,21,"Ikke valgt","Nei",0,9,86
"kandidat1780",2015,"pp",2,2,"Ikke valgt","Nei",1,60,2
"kandidat1781",2015,"pp",3,3,"Ikke valgt","Nei",0,43,177
"kandidat1782",2015,"pp",14,8,"Ikke valgt","Nei",1,24,48
"kandidat1783",2015,"pp",5,9,"Ikke valgt","Nei",0,22,0
"kandidat1784",2015,"pp",15,20,"Ikke valgt","Nei",0,10,4
"kandidat1785",2015,"pp",23,12,"Ikke valgt","Nei",1,20,19
"kandidat1786",2015,"pp",24,13,"Ikke valgt","Nei",1,20,0
"kandidat1787",2015,"pp",9,14,"Ikke valgt","Nei",0,19,0
"kandidat1788",2015,"pp",11,19,"Ikke valgt","Nei",0,10,0
"kandidat1789",2015,"pp",16,24,"Ikke valgt","Nei",0,6,2
"kandidat1790",2015,"pp",6,4,"Ikke valgt","Nei",1,32,0
"kandidat1965",2015,"rv",45,61,"Ikke valgt","Nei",0,63,6
"kandidat1966",2015,"rv",36,51,"Ikke valgt","Nei",0,101,9
"kandidat1967",2015,"rv",59,27,"Ikke valgt","Nei",0,172,350
"kandidat1968",2015,"rv",49,58,"Ikke valgt","Nei",0,73,6
"kandidat1969",2015,"rv",44,44,"Ikke valgt","Nei",1,115,52
"kandidat1970",2015,"rv",17,35,"Ikke valgt","Nei",0,151,0
"kandidat1971",2015,"rv",27,24,"Ikke valgt","Nei",0,184,17
"kandidat1972",2015,"rv",3,2,"Valgt","Ja",1,1320,140
"kandidat1973",2015,"rv",21,40,"Ikke valgt","Nei",0,126,36
"kandidat1974",2015,"rv",37,37,"Ikke valgt","Nei",1,150,128
"kandidat1975",2015,"rv",50,55,"Ikke valgt","Nei",1,91,1
"kandidat1976",2015,"rv",16,21,"Ikke valgt","Nei",1,266,73
"kandidat1977",2015,"rv",41,18,"Ikke valgt","Nei",0,346,134
"kandidat1978",2015,"rv",63,11,"Ikke valgt","Nei",0,843,2143
"kandidat1979",2015,"rv",7,8,"Vara","Ja",1,399,5
"kandidat1980",2015,"rv",23,23,"Ikke valgt","Nei",1,209,1
"kandidat1981",2015,"rv",25,41,"Ikke valgt","Nei",1,121,0
"kandidat1982",2015,"rv",31,56,"Ikke valgt","Nei",0,84,1
"kandidat1983",2015,"rv",53,50,"Ikke valgt","Nei",0,103,34
"kandidat1984",2015,"rv",43,52,"Ikke valgt","Nei",1,100,7
"kandidat1985",2015,"rv",39,48,"Ikke valgt","Nei",1,109,1
"kandidat1986",2015,"rv",40,60,"Ikke valgt","Nei",0,68,3950
"kandidat1987",2015,"rv",1,1,"Valgt","Ja",0,8651,6447
"kandidat1988",2015,"rv",55,64,"Ikke valgt","Nei",0,47,0
"kandidat1989",2015,"rv",33,47,"Ikke valgt","Nei",0,109,0
"kandidat1990",2015,"rv",15,26,"Ikke valgt","Nei",1,172,2
"kandidat1991",2015,"rv",2,3,"Valgt","Ja",1,1024,40
"kandidat1992",2015,"rv",64,22,"Ikke valgt","Nei",1,247,202
"kandidat1993",2015,"rv",52,45,"Ikke valgt","Nei",1,114,3
"kandidat1994",2015,"rv",46,57,"Ikke valgt","Nei",1,84,2
"kandidat1995",2015,"rv",51,62,"Ikke valgt","Nei",0,60,0
"kandidat1996",2015,"rv",65,17,"Ikke valgt","Nei",0,487,10595
"kandidat1997",2015,"rv",35,28,"Ikke valgt","Nei",1,171,250
"kandidat1998",2015,"rv",38,12,"Ikke valgt","Nei",0,798,997
"kandidat1999",2015,"rv",22,33,"Ikke valgt","Nei",1,161,0
"kandidat2000",2015,"rv",42,32,"Ikke valgt","Nei",1,163,159
"kandidat2001",2015,"rv",26,39,"Ikke valgt","Nei",1,127,5
"kandidat2002",2015,"rv",5,4,"Vara","Ja",1,926,105
"kandidat2003",2015,"rv",11,20,"Ikke valgt","Nei",1,280,4
"kandidat2004",2015,"rv",24,54,"Ikke valgt","Nei",0,91,16
"kandidat2005",2015,"rv",30,38,"Ikke valgt","Nei",1,141,194
"kandidat2006",2015,"rv",18,16,"Ikke valgt","Nei",1,490,1041
"kandidat2007",2015,"rv",57,65,"Ikke valgt","Nei",0,40,457
"kandidat2008",2015,"rv",14,19,"Ikke valgt","Nei",1,337,65
"kandidat2009",2015,"rv",28,31,"Ikke valgt","Nei",1,166,527
"kandidat2010",2015,"rv",32,46,"Ikke valgt","Nei",1,110,30
"kandidat2011",2015,"rv",10,9,"Vara","Ja",0,355,6
"kandidat2012",2015,"rv",60,29,"Ikke valgt","Nei",1,169,99
"kandidat2013",2015,"rv",12,14,"Ikke valgt","Nei",1,643,26
"kandidat2014",2015,"rv",48,63,"Ikke valgt","Nei",1,58,0
"kandidat2015",2015,"rv",4,5,"Vara","Ja",1,786,37
"kandidat2016",2015,"rv",56,59,"Ikke valgt","Nei",1,72,0
"kandidat2017",2015,"rv",47,36,"Ikke valgt","Nei",1,151,55
"kandidat2018",2015,"rv",19,25,"Ikke valgt","Nei",1,179,11
"kandidat2019",2015,"rv",29,49,"Ikke valgt","Nei",0,107,405
"kandidat2020",2015,"rv",6,7,"Vara","Ja",0,415,183
"kandidat2021",2015,"rv",13,15,"Ikke valgt","Nei",1,626,12
"kandidat2022",2015,"rv",61,30,"Ikke valgt","Nei",0,169,1028
"kandidat2023",2015,"rv",8,10,"Ikke valgt","Ja",0,331,257
"kandidat2024",2015,"rv",9,6,"Vara","Ja",1,479,15
"kandidat2025",2015,"rv",58,43,"Ikke valgt","Nei",1,116,133
"kandidat2026",2015,"rv",34,53,"Ikke valgt","Nei",1,92,112
"kandidat2027",2015,"rv",54,42,"Ikke valgt","Nei",1,118,1
"kandidat2028",2015,"rv",62,13,"Ikke valgt",NA,NA,663,0
"kandidat2029",2015,"rv",20,34,"Ikke valgt","Nei",0,159,231
"kandidat2165",2015,"sp",3,3,"Ikke valgt","Nei",1,143,3
"kandidat2166",2015,"sp",1,1,"Ikke valgt","Ja",1,683,131
"kandidat2167",2015,"sp",50,12,"Ikke valgt","Nei",0,48,9
"kandidat2168",2015,"sp",51,35,"Ikke valgt","Nei",1,17,617
"kandidat2169",2015,"sp",24,22,"Ikke valgt","Nei",1,27,0
"kandidat2170",2015,"sp",28,33,"Ikke valgt","Nei",1,18,4
"kandidat2171",2015,"sp",2,2,"Ikke valgt","Nei",0,172,52
"kandidat2172",2015,"sp",7,4,"Ikke valgt","Nei",0,89,9
"kandidat2173",2015,"sp",32,31,"Ikke valgt","Nei",1,19,211
"kandidat2174",2015,"sp",19,18,"Ikke valgt","Nei",1,37,4
"kandidat2175",2015,"sp",34,40,"Ikke valgt","Nei",1,14,2
"kandidat2176",2015,"sp",36,47,"Ikke valgt","Nei",1,9,2
"kandidat2177",2015,"sp",38,49,"Ikke valgt","Nei",1,7,6
"kandidat2178",2015,"sp",6,6,"Ikke valgt","Nei",1,81,37
"kandidat2179",2015,"sp",25,27,"Ikke valgt","Nei",0,22,5
"kandidat2180",2015,"sp",42,51,"Ikke valgt","Nei",0,7,90
"kandidat2181",2015,"sp",47,39,"Ikke valgt","Nei",0,16,582
"kandidat2182",2015,"sp",48,52,"Ikke valgt","Nei",1,4,2
"kandidat2183",2015,"sp",45,38,"Ikke valgt","Nei",1,16,0
"kandidat2184",2015,"sp",39,50,"Ikke valgt","Nei",0,7,4
"kandidat2185",2015,"sp",31,28,"Ikke valgt","Nei",0,21,26
"kandidat2186",2015,"sp",40,42,"Ikke valgt","Nei",0,14,3
"kandidat2187",2015,"sp",13,17,"Ikke valgt","Nei",0,39,10
"kandidat2188",2015,"sp",41,48,"Ikke valgt","Nei",1,8,1
"kandidat2189",2015,"sp",14,24,"Ikke valgt","Nei",1,25,9
"kandidat2190",2015,"sp",10,10,"Ikke valgt","Nei",0,53,6
"kandidat2191",2015,"sp",27,44,"Ikke valgt","Nei",0,12,2
"kandidat2192",2015,"sp",44,43,"Ikke valgt","Nei",0,13,101
"kandidat2193",2015,"sp",17,25,"Ikke valgt","Nei",1,25,3
"kandidat2194",2015,"sp",46,29,"Ikke valgt","Nei",0,21,5
"kandidat2195",2015,"sp",22,26,"Ikke valgt","Nei",1,24,2
"kandidat2196",2015,"sp",33,45,"Ikke valgt","Nei",0,10,275
"kandidat2197",2015,"sp",43,46,"Ikke valgt","Nei",1,10,0
"kandidat2198",2015,"sp",29,30,"Ikke valgt","Nei",0,20,527
"kandidat2199",2015,"sp",30,19,"Ikke valgt","Nei",1,31,14
"kandidat2200",2015,"sp",21,36,"Ikke valgt","Nei",0,16,0
"kandidat2201",2015,"sp",18,23,"Ikke valgt","Nei",0,26,0
"kandidat2202",2015,"sp",5,5,"Ikke valgt","Nei",0,82,3
"kandidat2203",2015,"sp",35,37,"Ikke valgt","Nei",0,16,3
"kandidat2204",2015,"sp",11,13,"Ikke valgt","Nei",1,46,60
"kandidat2205",2015,"sp",52,20,"Ikke valgt","Nei",1,31,53
"kandidat2206",2015,"sp",37,41,"Ikke valgt","Nei",0,14,283
"kandidat2207",2015,"sp",20,15,"Ikke valgt","Nei",0,42,7
"kandidat2208",2015,"sp",9,8,"Ikke valgt","Nei",1,70,4
"kandidat2209",2015,"sp",23,11,"Ikke valgt","Nei",0,49,281
"kandidat2210",2015,"sp",8,7,"Ikke valgt","Nei",0,71,5
"kandidat2211",2015,"sp",12,16,"Ikke valgt","Nei",0,40,0
"kandidat2212",2015,"sp",15,14,"Ikke valgt","Nei",0,46,0
"kandidat2213",2015,"sp",49,32,"Ikke valgt","Nei",0,19,3
"kandidat2214",2015,"sp",26,34,"Ikke valgt","Nei",0,17,3
"kandidat2215",2015,"sp",16,21,"Ikke valgt","Nei",0,29,41
"kandidat2216",2015,"sp",4,9,"Ikke valgt","Nei",0,55,0
"kandidat2460",2015,"sv",38,49,"Ikke valgt","Nei",0,108,32
"kandidat2461",2015,"sv",12,40,"Ikke valgt","Nei",0,154,59
"kandidat2462",2015,"sv",47,48,"Ikke valgt","Nei",1,116,4
"kandidat2463",2015,"sv",10,9,"Vara","Ja",0,652,261
"kandidat2464",2015,"sv",31,33,"Ikke valgt","Nei",1,205,2
"kandidat2465",2015,"sv",5,4,"Vara","Ja",1,1237,1
"kandidat2466",2015,"sv",22,18,"Ikke valgt","Nei",0,373,2
"kandidat2467",2015,"sv",49,21,"Ikke valgt","Nei",1,309,453
"kandidat2468",2015,"sv",17,17,"Ikke valgt","Nei",1,384,157
"kandidat2469",2015,"sv",32,55,"Ikke valgt","Nei",0,54,0
"kandidat2470",2015,"sv",51,41,"Ikke valgt","Nei",1,146,27
"kandidat2471",2015,"sv",46,32,"Ikke valgt","Nei",0,206,578
"kandidat2472",2015,"sv",43,29,"Ikke valgt","Nei",1,222,1429
"kandidat2473",2015,"sv",29,31,"Ikke valgt","Nei",1,217,21
"kandidat2474",2015,"sv",4,8,"Vara","Ja",0,697,15
"kandidat2475",2015,"sv",16,26,"Ikke valgt","Nei",0,240,197
"kandidat2476",2015,"sv",44,50,"Ikke valgt","Nei",0,88,199
"kandidat2477",2015,"sv",24,35,"Ikke valgt","Nei",0,184,2
"kandidat2478",2015,"sv",8,2,"Valgt","Ja",0,2540,2214
"kandidat2479",2015,"sv",18,44,"Ikke valgt","Nei",0,129,235
"kandidat2480",2015,"sv",20,13,"Ikke valgt","Nei",0,507,0
"kandidat2481",2015,"sv",35,47,"Ikke valgt","Nei",1,123,49
"kandidat2482",2015,"sv",33,39,"Ikke valgt","Nei",1,170,0
"kandidat2483",2015,"sv",27,23,"Ikke valgt","Nei",1,280,125
"kandidat2484",2015,"sv",6,10,"Ikke valgt","Ja",0,581,40
"kandidat2485",2015,"sv",54,30,"Ikke valgt","Nei",1,221,0
"kandidat2486",2015,"sv",26,38,"Ikke valgt","Nei",0,177,195
"kandidat2487",2015,"sv",14,11,"Ikke valgt","Nei",1,554,97
"kandidat2488",2015,"sv",11,16,"Ikke valgt","Nei",1,465,76
"kandidat2489",2015,"sv",25,27,"Ikke valgt","Nei",1,237,17
"kandidat2490",2015,"sv",41,45,"Ikke valgt","Nei",1,124,4
"kandidat2491",2015,"sv",30,22,"Ikke valgt","Nei",0,286,0
"kandidat2492",2015,"sv",21,14,"Ikke valgt","Nei",1,483,151
"kandidat2493",2015,"sv",7,6,"Vara","Ja",1,1018,248
"kandidat2494",2015,"sv",48,54,"Ikke valgt","Nei",0,66,1484
"kandidat2495",2015,"sv",39,43,"Ikke valgt","Nei",1,131,8
"kandidat2496",2015,"sv",52,46,"Ikke valgt","Nei",1,124,810
"kandidat2497",2015,"sv",50,28,"Ikke valgt","Nei",0,233,435
"kandidat2498",2015,"sv",19,20,"Ikke valgt","Nei",1,316,9
"kandidat2499",2015,"sv",15,15,"Ikke valgt","Nei",1,482,2
"kandidat2500",2015,"sv",1,1,"Valgt","Ja",1,4071,3022
"kandidat2501",2015,"sv",45,42,"Ikke valgt","Nei",1,140,10
"kandidat2502",2015,"sv",55,19,"Ikke valgt","Nei",0,325,471
"kandidat2503",2015,"sv",36,51,"Ikke valgt","Nei",0,83,159
"kandidat2504",2015,"sv",34,53,"Ikke valgt","Nei",0,67,12
"kandidat2505",2015,"sv",28,36,"Ikke valgt","Nei",0,182,5
"kandidat2506",2015,"sv",13,12,"Ikke valgt","Nei",1,549,194
"kandidat2507",2015,"sv",37,37,"Ikke valgt","Nei",1,182,12
"kandidat2508",2015,"sv",9,7,"Vara","Ja",1,814,60
"kandidat2509",2015,"sv",3,3,"Valgt","Ja",1,2210,117
"kandidat2510",2015,"sv",2,5,"Vara","Ja",0,1199,45
"kandidat2511",2015,"sv",42,52,"Ikke valgt","Nei",0,71,6
"kandidat2512",2015,"sv",23,24,"Ikke valgt","Nei",1,262,3
"kandidat2513",2015,"sv",53,25,"Ikke valgt","Nei",1,244,165
"kandidat2514",2015,"sv",40,34,"Ikke valgt","Nei",0,194,1118
"kandidat2706",2015,"v",17,14,"Ikke valgt","Nei",1,349,95
"kandidat2707",2015,"v",51,33,"Ikke valgt","Nei",0,154,122
"kandidat2708",2015,"v",12,13,"Ikke valgt","Nei",0,350,16
"kandidat2709",2015,"v",63,57,"Ikke valgt","Nei",1,87,2
"kandidat2710",2015,"v",64,43,"Ikke valgt","Nei",1,123,41
"kandidat2711",2015,"v",10,9,"Vara","Nei",0,486,2
"kandidat2712",2015,"v",29,10,"Vara","Nei",1,429,229
"kandidat2713",2015,"v",23,23,"Ikke valgt","Nei",1,195,67
"kandidat2714",2015,"v",2,2,"Valgt","Ja",0,1497,19
"kandidat2715",2015,"v",21,17,"Ikke valgt","Nei",1,269,123
"kandidat2716",2015,"v",22,44,"Ikke valgt","Nei",0,121,64
"kandidat2717",2015,"v",57,60,"Ikke valgt","Nei",1,77,10
"kandidat2718",2015,"v",8,7,"Vara","Nei",0,630,62
"kandidat2719",2015,"v",50,59,"Ikke valgt","Nei",1,81,0
"kandidat2720",2015,"v",54,38,"Ikke valgt","Nei",1,130,23
"kandidat2721",2015,"v",4,3,"Valgt","Ja",0,909,407
"kandidat2722",2015,"v",47,55,"Ikke valgt","Nei",1,90,14
"kandidat2723",2015,"v",53,26,"Ikke valgt","Nei",1,184,211
"kandidat2724",2015,"v",40,47,"Ikke valgt","Nei",1,116,13
"kandidat2725",2015,"v",43,49,"Ikke valgt","Nei",1,104,59
"kandidat2726",2015,"v",25,21,"Ikke valgt","Nei",1,218,19
"kandidat2727",2015,"v",36,45,"Ikke valgt","Nei",1,119,4
"kandidat2728",2015,"v",13,16,"Ikke valgt","Nei",1,275,2
"kandidat2729",2015,"v",37,40,"Ikke valgt","Nei",1,126,54
"kandidat2730",2015,"v",1,1,"Valgt","Ja",1,4782,5107
"kandidat2731",2015,"v",30,24,"Ikke valgt","Nei",0,190,37
"kandidat2732",2015,"v",49,39,"Ikke valgt","Nei",0,127,89
"kandidat2733",2015,"v",48,56,"Ikke valgt","Nei",0,88,0
"kandidat2734",2015,"v",16,20,"Ikke valgt","Nei",0,243,515
"kandidat2735",2015,"v",14,18,"Ikke valgt","Nei",0,265,14
"kandidat2736",2015,"v",32,54,"Ikke valgt","Nei",0,90,0
"kandidat2737",2015,"v",45,42,"Ikke valgt","Nei",1,124,38
"kandidat2738",2015,"v",19,19,"Ikke valgt","Nei",0,264,0
"kandidat2739",2015,"v",41,52,"Ikke valgt","Nei",1,96,1
"kandidat2740",2015,"v",55,51,"Ikke valgt","Nei",0,97,1
"kandidat2741",2015,"v",28,37,"Ikke valgt","Nei",1,138,44
"kandidat2742",2015,"v",27,15,"Ikke valgt","Nei",1,316,0
"kandidat2743",2015,"v",39,34,"Ikke valgt","Nei",0,150,0
"kandidat2744",2015,"v",34,53,"Ikke valgt","Nei",1,93,0
"kandidat2745",2015,"v",31,30,"Ikke valgt","Nei",1,168,17
"kandidat2746",2015,"v",5,6,"Vara","Nei",1,825,64
"kandidat2747",2015,"v",26,36,"Ikke valgt","Nei",0,138,229
"kandidat2748",2015,"v",46,46,"Ikke valgt","Nei",0,117,199
"kandidat2749",2015,"v",33,50,"Ikke valgt","Nei",0,99,112
"kandidat2750",2015,"v",6,5,"Vara","Nei",0,2230,3053
"kandidat2751",2015,"v",24,41,"Ikke valgt","Nei",0,125,46
"kandidat2752",2015,"v",3,4,"Valgt","Ja",1,884,27
"kandidat2753",2015,"v",9,12,"Ikke valgt","Nei",1,362,1
"kandidat2754",2015,"v",61,58,"Ikke valgt","Nei",0,86,29
"kandidat2755",2015,"v",60,61,"Ikke valgt","Nei",0,71,8
"kandidat2756",2015,"v",38,31,"Ikke valgt","Nei",1,168,0
"kandidat2757",2015,"v",65,48,"Ikke valgt","Nei",0,116,237
"kandidat2758",2015,"v",42,32,"Ikke valgt","Nei",1,164,406
"kandidat2759",2015,"v",15,22,"Ikke valgt","Nei",1,201,17
"kandidat2760",2015,"v",59,29,"Ikke valgt","Nei",1,172,80
"kandidat2761",2015,"v",52,65,"Ikke valgt","Nei",0,41,31
"kandidat2762",2015,"v",20,25,"Ikke valgt","Nei",0,188,9
"kandidat2763",2015,"v",44,35,"Ikke valgt","Nei",1,142,0
"kandidat2764",2015,"v",35,28,"Ikke valgt","Nei",1,172,13
"kandidat2765",2015,"v",58,62,"Ikke valgt","Nei",1,63,60
"kandidat2766",2015,"v",62,63,"Ikke valgt","Nei",0,58,14
"kandidat2767",2015,"v",18,27,"Ikke valgt","Nei",0,181,2
"kandidat2768",2015,"v",56,64,"Ikke valgt","Nei",0,48,4
"kandidat2769",2015,"v",11,8,"Vara","Nei",1,566,15
"kandidat2770",2015,"v",7,11,"Vara","Nei",1,403,9
